PR,URL,Title,Content type,Is rendered page,HTTP status code,Organic traffic,Is indexable page,Is in sitemap,Referenced in sitemaps,No. of all inlinks,First found at
39,https://kroam.xyz/leagues/euro,UEFA Euro AI Predictions | Kroam,text/html; charset=utf-8,false,200,0,true,true,https://kroam.xyz/sitemap/leagues.xml,302,
39,https://kroam.xyz/leagues/wc-qual-europe,World Cup Qualifiers - Europe AI Predictions | Kroam,text/html; charset=utf-8,false,200,0,true,true,https://kroam.xyz/sitemap/leagues.xml,302,
39,https://kroam.xyz/leagues/world-cup,FIFA World Cup AI Predictions | Kroam,text/html; charset=utf-8,false,200,0,true,true,https://kroam.xyz/sitemap/leagues.xml,302,
39,https://kroam.xyz/leagues/copa-america,Copa America AI Predictions | Kroam,text/html; charset=utf-8,false,200,0,true,true,https://kroam.xyz/sitemap/leagues.xml,302,
39,https://kroam.xyz/leagues/afcon,Africa Cup of Nations AI Predictions | Kroam,text/html; charset=utf-8,false,200,0,true,true,https://kroam.xyz/sitemap/leagues.xml,302,
39,https://kroam.xyz/leagues/nations-league,UEFA Nations League AI Predictions | Kroam,text/html; charset=utf-8,false,200,0,true,true,https://kroam.xyz/sitemap/leagues.xml,302,
39,https://kroam.xyz/leagues/wc-qual-southamerica,World Cup Qualifiers - South America AI Predictions | Kroam,text/html; charset=utf-8,false,200,0,true,true,https://kroam.xyz/sitemap/leagues.xml,302,
23,https://kroam.xyz/models,AI Model Football Predictions | Kroam,text/html; charset=utf-8,false,200,0,true,true,https://kroam.xyz/sitemap/static.xml,43,
21,https://kroam.xyz/leagues,Football League AI Predictions | Kroam,text/html; charset=utf-8,false,200,0,true,true,https://kroam.xyz/sitemap/static.xml,17,
