PR,URL,Title,Content type,Is rendered page,HTTP status code,Organic traffic,Depth,Internal outlinks to 3xx,Internal outlinks codes (3xx),No. of internal outlinks to 3xx,External outlinks to 3xx,External outlinks codes (3xx),No. of external outlinks to 3xx
39,https://kroam.xyz/leagues/ligue1,Ligue 1 AI Predictions | Kroam,text/html; charset=utf-8,false,200,0,0,"https://kroam.xyz/leagues/ligue-1/lens-vs-rennes-2026-02-07
https://kroam.xyz/leagues/ligue-1/metz-vs-lille-2026-02-06
https://kroam.xyz/leagues/ligue-1/nantes-vs-lyon-2026-02-07
https://kroam.xyz/leagues/ligue-1/stade-brestois-29-vs-lorient-2026-02-07
https://kroam.xyz/leagues/ligue-1/strasbourg-vs-paris-saint-germain-2026-02-01","301
301
301
301
301",5,,,0
39,https://kroam.xyz/leagues/epl,Premier League AI Predictions | Kroam,text/html; charset=utf-8,false,200,0,0,"https://kroam.xyz/leagues/premier-league/arsenal-vs-sunderland-2026-02-07
https://kroam.xyz/leagues/premier-league/burnley-vs-west-ham-2026-02-07
https://kroam.xyz/leagues/premier-league/fulham-vs-everton-2026-02-07
https://kroam.xyz/leagues/premier-league/newcastle-vs-brentford-2026-02-07
https://kroam.xyz/leagues/premier-league/wolves-vs-chelsea-2026-02-07","301
301
301
301
301",5,,,0
39,https://kroam.xyz/leagues/seriea,Serie A AI Predictions | Kroam,text/html; charset=utf-8,false,200,0,0,"https://kroam.xyz/leagues/serie-a/bologna-vs-ac-milan-2026-02-03
https://kroam.xyz/leagues/serie-a/fiorentina-vs-torino-2026-02-07
https://kroam.xyz/leagues/serie-a/genoa-vs-napoli-2026-02-07
https://kroam.xyz/leagues/serie-a/udinese-vs-as-roma-2026-02-02
https://kroam.xyz/leagues/serie-a/verona-vs-pisa-2026-02-06","301
301
301
301
301",5,,,0
39,https://kroam.xyz/leagues/ucl,UEFA Champions League AI Predictions | Kroam,text/html; charset=utf-8,false,200,0,0,"https://kroam.xyz/leagues/champions-league/ajax-vs-olympiakos-piraeus-2026-01-28
https://kroam.xyz/leagues/champions-league/athletic-club-vs-sporting-cp-2026-01-28
https://kroam.xyz/leagues/champions-league/eintracht-frankfurt-vs-tottenham-2026-01-28
https://kroam.xyz/leagues/champions-league/pafos-vs-slavia-praha-2026-01-28
https://kroam.xyz/leagues/champions-league/psv-eindhoven-vs-bayern-mnchen-2026-01-28","301
301
301
301
301",5,,,0
39,https://kroam.xyz/leagues/laliga,La Liga AI Predictions | Kroam,text/html; charset=utf-8,false,200,0,0,"https://kroam.xyz/leagues/la-liga/barcelona-vs-mallorca-2026-02-07
https://kroam.xyz/leagues/la-liga/celta-vigo-vs-osasuna-2026-02-06
https://kroam.xyz/leagues/la-liga/rayo-vallecano-vs-oviedo-2026-02-07
https://kroam.xyz/leagues/la-liga/real-sociedad-vs-elche-2026-02-07
https://kroam.xyz/leagues/la-liga/sevilla-vs-girona-2026-02-07","301
301
301
301
301",5,,,0
39,https://kroam.xyz/leagues/uel,UEFA Europa League AI Predictions | Kroam,text/html; charset=utf-8,false,200,0,0,"https://kroam.xyz/leagues/europa-league/fc-porto-vs-rangers-2026-01-29
https://kroam.xyz/leagues/europa-league/fk-crvena-zvezda-vs-celta-vigo-2026-01-29
https://kroam.xyz/leagues/europa-league/genk-vs-malmo-ff-2026-01-29
https://kroam.xyz/leagues/europa-league/lille-vs-sc-freiburg-2026-01-29
https://kroam.xyz/leagues/europa-league/lyon-vs-paok-2026-01-29","301
301
301
301
301",5,,,0
